{"_runtime":6025.38859238,"train/loss_ce":0.5456875562667847,"_wandb":{"runtime":6149},"train/loss":0.4156,"train/grad_norm":3.723179817199707,"_timestamp":1.772348867508412e+09,"train/batch_size":2,"train/loss_mode_switch":0,"train/global_step":800,"train/tokens_per_device":1162,"train/loss_lvr":1.1159169673919678,"train/loss_total":0.6572792530059814,"_step":3299,"train/epoch":1,"train/learning_rate":0}